:START_ID,:END_ID,:TYPE
0zRkPiYnL5VO$YHvkUieSt,0zRkPiYnL5VO$YHvkUieNw,CONTAINS
0zRkPiYnL5VO$YHvkUieSt,0zRkPiYnL5VO$YHvkUieJg,CONTAINS
0zRkPiYnL5VO$YHvkUieSt,0zRkPiYnL5VO$YHvkUihlJ,CONTAINS
0zRkPiYnL5VO$YHvkUieSt,0zRkPiYnL5VO$YHvkUihm5,CONTAINS
0zRkPiYnL5VO$YHvkUieSt,0zRkPiYnL5VO$YHvkUihBW,CONTAINS
0zRkPiYnL5VO$YHvkUieSt,0zRkPiYnL5VO$YHvkUihAy,CONTAINS
0zRkPiYnL5VO$YHvkUieSt,0zRkPiYnL5VO$YHvkUih7d,CONTAINS
0zRkPiYnL5VO$YHvkUieSt,0zRkPiYnL5VO$YHvkUih6x,CONTAINS
0zRkPiYnL5VO$YHvkUieSt,0zRkPiYnL5VO$YHvkUih3B,CONTAINS
0zRkPiYnL5VO$YHvkUieSt,0zRkPiYnL5VO$YHvkUihVd,CONTAINS
0zRkPiYnL5VO$YHvkUieSt,0zRkPiYnL5VO$YHvkUihPQ,CONTAINS
0zRkPiYnL5VO$YHvkUieSt,0zRkPiYnL5VO$YHvkUihRs,CONTAINS
0zRkPiYnL5VO$YHvkUieSt,3Pq3fmBbX66PIwYbzY9saN,CONTAINS
0zRkPiYnL5VO$YHvkUieSt,3Pq3fmBbX66PIwYbzY9sWp,CONTAINS
0zRkPiYnL5VO$YHvkUieSt,3Pq3fmBbX66PIwYbzY9sTf,CONTAINS
0zRkPiYnL5VO$YHvkUieSt,0XIhz8Wv95Shn4RU9vYK0w,CONTAINS
0zRkPiYnL5VO$YHvkUieSt,0XIhz8Wv95Shn4RU9vYKGP,CONTAINS
0zRkPiYnL5VO$YHvkUieSt,0XIhz8Wv95Shn4RU9vYKOi,CONTAINS
0zRkPiYnL5VO$YHvkUieSt,0XIhz8Wv95Shn4RU9vYKPB,CONTAINS
0zRkPiYnL5VO$YHvkUieSt,0XIhz8Wv95Shn4RU9vYPJ8,CONTAINS
0zRkPiYnL5VO$YHvkUieSt,0XIhz8Wv95Shn4RU9vYPRs,CONTAINS
0zRkPiYnL5VO$YHvkUieSt,0XIhz8Wv95Shn4RU9vYPPP,CONTAINS
0zRkPiYnL5VO$YHvkUieSt,0XIhz8Wv95Shn4RU9vYPeV,CONTAINS
0zRkPiYnL5VO$YHvkUieSt,0XIhz8Wv95Shn4RU9vYPkc,CONTAINS
0zRkPiYnL5VO$YHvkUieSt,0XIhz8Wv95Shn4RU9vYPjo,CONTAINS
0zRkPiYnL5VO$YHvkUieSt,0XIhz8Wv95Shn4RU9vYPnC,CONTAINS
0zRkPiYnL5VO$YHvkUieSt,3hfZbRgxj3bOIr5r$EUBAp,CONTAINS
0zRkPiYnL5VO$YHvkUieSt,3hfZbRgxj3bOIr5r$EUBLp,CONTAINS
0zRkPiYnL5VO$YHvkUieSt,3hfZbRgxj3bOIr5r$EUBNg,CONTAINS
0zRkPiYnL5VO$YHvkUieSt,3hfZbRgxj3bOIr5r$EUBH8,CONTAINS
0zRkPiYnL5VO$YHvkUieSt,3hfZbRgxj3bOIr5r$EUBGs,CONTAINS
0zRkPiYnL5VO$YHvkUieSt,3hfZbRgxj3bOIr5r$EUBVp,CONTAINS
0zRkPiYnL5VO$YHvkUieSt,3hfZbRgxj3bOIr5r$EUBO7,CONTAINS
0zRkPiYnL5VO$YHvkUieSt,3hfZbRgxj3bOIr5r$EUAWg,CONTAINS
0zRkPiYnL5VO$YHvkUieSt,3hfZbRgxj3bOIr5r$EUABT,CONTAINS
0zRkPiYnL5VO$YHvkUieSt,3hfZbRgxj3bOIr5r$EUAOo,CONTAINS
0zRkPiYnL5VO$YHvkUieSt,3hfZbRgxj3bOIr5r$EUDZI,CONTAINS
0zRkPiYnL5VO$YHvkUieSt,3hfZbRgxj3bOIr5r$EUDZ4,CONTAINS
0zRkPiYnL5VO$YHvkUieSt,2Jn2yQhBD7QPUfb9xLnaIO,CONTAINS
0zRkPiYnL5VO$YHvkUieSt,2Jn2yQhBD7QPUfb9xLnb8x,CONTAINS
0zRkPiYnL5VO$YHvkUieSt,2Jn2yQhBD7QPUfb9xLnbzs,CONTAINS
0zRkPiYnL5VO$YHvkUieSt,2Jn2yQhBD7QPUfb9xLnbnY,CONTAINS
0zRkPiYnL5VO$YHvkUieSt,2Jn2yQhBD7QPUfb9xLnbm2,CONTAINS
0zRkPiYnL5VO$YHvkUieSt,2Jn2yQhBD7QPUfb9xLnbsG,CONTAINS
0zRkPiYnL5VO$YHvkUieSt,2Jn2yQhBD7QPUfb9xLnuAZ,CONTAINS
0zRkPiYnL5VO$YHvkUieSt,1ZI36thLL0M85S8rWQJZ_M,CONTAINS
0zRkPiYnL5VO$YHvkUieSt,1ZI36thLL0M85S8rWQJZwv,CONTAINS
0zRkPiYnL5VO$YHvkUieSt,2gAQBK5fH9KuDJBtGM1bRW,CONTAINS
0zRkPiYnL5VO$YHvkUieSt,2gAQBK5fH9KuDJBtGM1bQx,CONTAINS
0zRkPiYnL5VO$YHvkUieSt,2gAQBK5fH9KuDJBtGM1bQF,CONTAINS
0zRkPiYnL5VO$YHvkUieSt,2gAQBK5fH9KuDJBtGM1bOo,CONTAINS
0zRkPiYnL5VO$YHvkUieSt,2gAQBK5fH9KuDJBtGM1bFW,CONTAINS
0zRkPiYnL5VO$YHvkUieSt,2gAQBK5fH9KuDJBtGM1b0Z,CONTAINS
0zRkPiYnL5VO$YHvkUieSt,2gAQBK5fH9KuDJBtGM1cc5,CONTAINS
0zRkPiYnL5VO$YHvkUieSt,2gAQBK5fH9KuDJBtGM1caj,CONTAINS
0zRkPiYnL5VO$YHvkUieSt,2gAQBK5fH9KuDJBtGM1WzF,CONTAINS
0zRkPiYnL5VO$YHvkUieSt,2gAQBK5fH9KuDJBtGM1WlY,CONTAINS
0zRkPiYnL5VO$YHvkUieSt,2gAQBK5fH9KuDJBtGM1WV4,CONTAINS
0zRkPiYnL5VO$YHvkUieSt,2gAQBK5fH9KuDJBtGM1WPb,CONTAINS
0zRkPiYnL5VO$YHvkUieSt,2gAQBK5fH9KuDJBtGM1WI1,CONTAINS
0zRkPiYnL5VO$YHvkUieSt,2gAQBK5fH9KuDJBtGM1W0i,CONTAINS
0zRkPiYnL5VO$YHvkUieSt,2gAQBK5fH9KuDJBtGM1Xv3,CONTAINS
0zRkPiYnL5VO$YHvkUieSt,2gAQBK5fH9KuDJBtGM1Xaj,CONTAINS
0zRkPiYnL5VO$YHvkUieSt,2gAQBK5fH9KuDJBtGM1XHA,CONTAINS
0zRkPiYnL5VO$YHvkUieSt,2gAQBK5fH9KuDJBtGM1XBJ,CONTAINS
0zRkPiYnL5VO$YHvkUieSt,2gAQBK5fH9KuDJBtGM1YYD,CONTAINS
0zRkPiYnL5VO$YHvkUieSt,2gAQBK5fH9KuDJBtGM1YIY,CONTAINS
0zRkPiYnL5VO$YHvkUieSt,2gAQBK5fH9KuDJBtGM1Zqr,CONTAINS
0zRkPiYnL5VO$YHvkUieSt,2gAQBK5fH9KuDJBtGM1Zla,CONTAINS
0zRkPiYnL5VO$YHvkUieSt,2gAQBK5fH9KuDJBtGM1Z65,CONTAINS
0zRkPiYnL5VO$YHvkUieSt,2gAQBK5fH9KuDJBtGM1yjs,CONTAINS
0zRkPiYnL5VO$YHvkUieSt,2gAQBK5fH9KuDJBtGM1yLs,CONTAINS
0zRkPiYnL5VO$YHvkUieSt,2gAQBK5fH9KuDJBtGM1yF5,CONTAINS
0zRkPiYnL5VO$YHvkUieSt,2gAQBK5fH9KuDJBtGM1y7D,CONTAINS
0zRkPiYnL5VO$YHvkUieSt,1ZI36thLL0M85S8rWQJW4D,CONTAINS
0zRkPiYnL5VO$YHvkUieLv,0zRkPiYnL5VO$YHvkUieHj,CONTAINS
0zRkPiYnL5VO$YHvkUieLv,0zRkPiYnL5VO$YHvkUieG7,CONTAINS
0zRkPiYnL5VO$YHvkUieLv,0zRkPiYnL5VO$YHvkUieIi,CONTAINS
0zRkPiYnL5VO$YHvkUieLv,0zRkPiYnL5VO$YHvkUihjL,CONTAINS
0zRkPiYnL5VO$YHvkUieLv,0zRkPiYnL5VO$YHvkUihk3,CONTAINS
0zRkPiYnL5VO$YHvkUieLv,0XIhz8Wv95Shn4RU9vYKoX,CONTAINS
0zRkPiYnL5VO$YHvkUieLv,2Jn2yQhBD7QPUfb9xLnbyz,CONTAINS
0zRkPiYnL5VO$YHvkUieLv,2gAQBK5fH9KuDJBtGM1dc9,CONTAINS
0zRkPiYnL5VO$YHvkUihX0,0zRkPiYnL5VO$YHvkUihY$,CONTAINS
0zRkPiYnL5VO$YHvkUihX0,0zRkPiYnL5VO$YHvkUih$P,CONTAINS
0zRkPiYnL5VO$YHvkUihX0,0zRkPiYnL5VO$YHvkUih_U,CONTAINS
0zRkPiYnL5VO$YHvkUihX0,0zRkPiYnL5VO$YHvkUihvh,CONTAINS
0zRkPiYnL5VO$YHvkUihX0,0zRkPiYnL5VO$YHvkUihuF,CONTAINS
0zRkPiYnL5VO$YHvkUihX0,0zRkPiYnL5VO$YHvkUihx8,CONTAINS
0zRkPiYnL5VO$YHvkUihX0,0zRkPiYnL5VO$YHvkUihqo,CONTAINS
0zRkPiYnL5VO$YHvkUihX0,3Pq3fmBbX66PIwYbzY9sEH,CONTAINS
0zRkPiYnL5VO$YHvkUihX0,3Pq3fmBbX66PIwYbzY9sDf,CONTAINS
0zRkPiYnL5VO$YHvkUihX0,2rocqn6tvEbgRl8pYGhuBK,CONTAINS
0zRkPiYnL5VO$YHvkUihX0,2rocqn6tvEbgRl8pYGh$sN,CONTAINS
0zRkPiYnL5VO$YHvkUihX0,2rocqn6tvEbgRl8pYGh$an,CONTAINS
0zRkPiYnL5VO$YHvkUihX0,2rocqn6tvEbgRl8pYGh$eU,CONTAINS
0zRkPiYnL5VO$YHvkUihX0,2rocqn6tvEbgRl8pYGh$lu,CONTAINS
0zRkPiYnL5VO$YHvkUihX0,2rocqn6tvEbgRl8pYGh$j$,CONTAINS
0zRkPiYnL5VO$YHvkUihX0,2rocqn6tvEbgRl8pYGh$NI,CONTAINS
0zRkPiYnL5VO$YHvkUihX0,2rocqn6tvEbgRl8pYGh$Ky,CONTAINS
0zRkPiYnL5VO$YHvkUihX0,0XIhz8Wv95Shn4RU9vYKsT,CONTAINS
0zRkPiYnL5VO$YHvkUihX0,0XIhz8Wv95Shn4RU9vYN0$,CONTAINS
0zRkPiYnL5VO$YHvkUihX0,0XIhz8Wv95Shn4RU9vYPqQ,CONTAINS
0zRkPiYnL5VO$YHvkUihX0,0XIhz8Wv95Shn4RU9vYP_$,CONTAINS
0zRkPiYnL5VO$YHvkUihX0,0XIhz8Wv95Shn4RU9vYOQF,CONTAINS
0zRkPiYnL5VO$YHvkUihX0,0XIhz8Wv95Shn4RU9vYOO_,CONTAINS
0zRkPiYnL5VO$YHvkUihX0,0XIhz8Wv95Shn4RU9vYOlD,CONTAINS
0zRkPiYnL5VO$YHvkUihX0,0XIhz8Wv95Shn4RU9vYOjx,CONTAINS
0zRkPiYnL5VO$YHvkUihX0,3hfZbRgxj3bOIr5r$EUBxM,CONTAINS
0zRkPiYnL5VO$YHvkUihX0,3hfZbRgxj3bOIr5r$EUB1z,CONTAINS
0zRkPiYnL5VO$YHvkUihX0,3hfZbRgxj3bOIr5r$EUAkP,CONTAINS
0zRkPiYnL5VO$YHvkUihX0,3hfZbRgxj3bOIr5r$EUAqK,CONTAINS
0zRkPiYnL5VO$YHvkUihX0,3hfZbRgxj3bOIr5r$EUAsz,CONTAINS
0zRkPiYnL5VO$YHvkUihX0,3hfZbRgxj3bOIr5r$EUAmy,CONTAINS
0zRkPiYnL5VO$YHvkUihX0,3hfZbRgxj3bOIr5r$EUAz9,CONTAINS
0zRkPiYnL5VO$YHvkUihX0,3hfZbRgxj3bOIr5r$EUA$J,CONTAINS
0zRkPiYnL5VO$YHvkUihX0,3hfZbRgxj3bOIr5r$EUA_4,CONTAINS
0zRkPiYnL5VO$YHvkUihX0,3hfZbRgxj3bOIr5r$EUAu7,CONTAINS
0zRkPiYnL5VO$YHvkUihX0,3hfZbRgxj3bOIr5r$EUAwA,CONTAINS
0zRkPiYnL5VO$YHvkUihX0,3hfZbRgxj3bOIr5r$EUAP3,CONTAINS
0zRkPiYnL5VO$YHvkUihX0,2Jn2yQhBD7QPUfb9xLnx2l,CONTAINS
0zRkPiYnL5VO$YHvkUihX0,2Jn2yQhBD7QPUfb9xLnx0J,CONTAINS
0zRkPiYnL5VO$YHvkUihX0,2Jn2yQhBD7QPUfb9xLnxxR,CONTAINS
0zRkPiYnL5VO$YHvkUihX0,2Jn2yQhBD7QPUfb9xLnxvD,CONTAINS
0zRkPiYnL5VO$YHvkUihX0,1ZI36thLL0M85S8rWQJZyT,CONTAINS
0zRkPiYnL5VO$YHvkUihX0,1ZI36thLL0M85S8rWQJZur,CONTAINS
0zRkPiYnL5VO$YHvkUihX0,1wwl$mubP1r9xfXt0KAebt,CONTAINS
0zRkPiYnL5VO$YHvkUihX0,1wwl$mubP1r9xfXt0KAebs,CONTAINS
0zRkPiYnL5VO$YHvkUihX0,2gAQBK5fH9KuDJBtGM1crw,CONTAINS
0zRkPiYnL5VO$YHvkUihX0,2gAQBK5fH9KuDJBtGM1ceY,CONTAINS
0zRkPiYnL5VO$YHvkUihX0,3hfZbRgxj3bOIr5r$EUDZE,CONTAINS
0zRkPiYnL5VO$YHvkUihX0,3hfZbRgxj3bOIr5r$EUDj4,CONTAINS
0zRkPiYnL5VO$YHvkUihX0,3hfZbRgxj3bOIr5r$EUDko,CONTAINS
0zRkPiYnL5VO$YHvkUihX0,3hfZbRgxj3bOIr5r$EUDeA,CONTAINS
0zRkPiYnL5VO$YHvkUihX0,3NaPl3HwT0CPnHVQqGwvuU,CONTAINS
0zRkPiYnL5VO$YHvkUihX0,1ZI36thLL0M85S8rWQJZrJ,CONTAINS
0XIhz8Wv95Shn4RU9vYKI5,2oMgXRVi14QeJIKPjMfQ8n,CONTAINS
0XIhz8Wv95Shn4RU9vYKI5,2oMgXRVi14QeJIKPjMfRS$,CONTAINS
0XIhz8Wv95Shn4RU9vYKI5,2oMgXRVi14QeJIKPjMfR6p,CONTAINS
0XIhz8Wv95Shn4RU9vYKI5,2oMgXRVi14QeJIKPjMfR_d,CONTAINS
0XIhz8Wv95Shn4RU9vYKI5,2oMgXRVi14QeJIKPjMfRZt,CONTAINS
0XIhz8Wv95Shn4RU9vYKuZ,3NaPl3HwT0CPnHVQqGwvqp,CONTAINS
0XIhz8Wv95Shn4RU9vYKuZ,0pDyEeF5E_6c0MkB2qg9cE,CONTAINS
0XIhz8Wv95Shn4RU9vYKuZ,2oMgXRVi14QeJIKPjMfQrl,CONTAINS
0XIhz8Wv95Shn4RU9vYKuZ,2oMgXRVi14QeJIKPjMfRqb,CONTAINS
0XIhz8Wv95Shn4RU9vYKuZ,2oMgXRVi14QeJIKPjMfRd_,CONTAINS
0XIhz8Wv95Shn4RU9vYKuZ,2oMgXRVi14QeJIKPjMfKRY,CONTAINS
0XIhz8Wv95Shn4RU9vYKuZ,3ruEZ7gLPAvQLO0wAv1VPP,CONTAINS
2Jn2yQhBD7QPUfb9xLnakk,2Jn2yQhBD7QPUfb9xLnvi5,CONTAINS
2Jn2yQhBD7QPUfb9xLnakk,2Jn2yQhBD7QPUfb9xLnvi4,CONTAINS
2Jn2yQhBD7QPUfb9xLnakk,2Jn2yQhBD7QPUfb9xLnvZx,CONTAINS
2Jn2yQhBD7QPUfb9xLnakk,2Jn2yQhBD7QPUfb9xLnvZw,CONTAINS
2Jn2yQhBD7QPUfb9xLnakk,2Jn2yQhBD7QPUfb9xLnvZv,CONTAINS
2Jn2yQhBD7QPUfb9xLnakk,2Jn2yQhBD7QPUfb9xLnvZu,CONTAINS
2Jn2yQhBD7QPUfb9xLnakk,2Jn2yQhBD7QPUfb9xLnvZ$,CONTAINS
2Jn2yQhBD7QPUfb9xLnakk,2Jn2yQhBD7QPUfb9xLnvZ_,CONTAINS
2Jn2yQhBD7QPUfb9xLnakk,2Jn2yQhBD7QPUfb9xLnvZz,CONTAINS
2Jn2yQhBD7QPUfb9xLnakk,1fCal9YIz748LKoOFWRUzC,CONTAINS
2Jn2yQhBD7QPUfb9xLnakk,1fCal9YIz748LKoOFWRTLX,CONTAINS
2Jn2yQhBD7QPUfb9xLnakk,1fCal9YIz748LKoOFWRTjN,CONTAINS
2Jn2yQhBD7QPUfb9xLnakk,1fCal9YIz748LKoOFWRSp4,CONTAINS
2Jn2yQhBD7QPUfb9xLnakZ,1fCal9YIz748LKoOFWRPei,CONTAINS
2Jn2yQhBD7QPUfb9xLnakZ,1fCal9YIz748LKoOFWOdSK,CONTAINS
2Jn2yQhBD7QPUfb9xLnakZ,1fCal9YIz748LKoOFWOdap,CONTAINS
2Jn2yQhBD7QPUfb9xLnakZ,1fCal9YIz748LKoOFWOdm5,CONTAINS
2Jn2yQhBD7QPUfb9xLnakZ,1fCal9YIz748LKoOFWOdyT,CONTAINS
2Jn2yQhBD7QPUfb9xLnakW,1fCal9YIz748LKoOFWOco0,CONTAINS
2Jn2yQhBD7QPUfb9xLnakW,1fCal9YIz748LKoOFWOc_S,CONTAINS
2Jn2yQhBD7QPUfb9xLnakW,1fCal9YIz748LKoOFWOcuk,CONTAINS
2Jn2yQhBD7QPUfb9xLnakU,1fCal9YIz748LKoOFWOZ0Y,CONTAINS
2Jn2yQhBD7QPUfb9xLnakU,1fCal9YIz748LKoOFWOZB8,CONTAINS
1ZI36thLL0M85S8rWQJWEt,1fCal9YIz748LKoOFWOacB,CONTAINS
1ZI36thLL0M85S8rWQJWEt,1fCal9YIz748LKoOFWOaie,CONTAINS
1ZI36thLL0M85S8rWQJWEt,1fCal9YIz748LKoOFWOaiW,CONTAINS
1fCal9YIz748LKoOFWOZNm,2gzxtgud9FhO_yavLEluJh,CONTAINS
1fCal9YIz748LKoOFWOZNm,2gzxtgud9FhO_yavLElvlW,CONTAINS
1fCal9YIz748LKoOFWOZNm,2gzxtgud9FhO_yavLElvWX,CONTAINS
1fCal9YIz748LKoOFWOZNm,2gzxtgud9FhO_yavLElvHq,CONTAINS
1fCal9YIz748LKoOFWOZNm,2gzxtgud9FhO_yavLElvKw,CONTAINS
1fCal9YIz748LKoOFWOZNm,2gzxtgud9FhO_yavLElwdb,CONTAINS
1fCal9YIz748LKoOFWOZNm,2gzxtgud9FhO_yavLElwzT,CONTAINS
1fCal9YIz748LKoOFWOZMC,2gzxtgud9FhO_yavLElwI6,CONTAINS
1fCal9YIz748LKoOFWOZMC,2gzxtgud9FhO_yavLElwNN,CONTAINS
1fCal9YIz748LKoOFWOZMC,2gzxtgud9FhO_yavLElxft,CONTAINS
1fCal9YIz748LKoOFWOZMC,2gzxtgud9FhO_yavLElqKp,CONTAINS
1fCal9YIz748LKoOFWOZMC,2gzxtgud9FhO_yavLElrgK,CONTAINS
1fCal9YIz748LKoOFWOZM9,2gAQBK5fH9KuDJBtGM1bZs,CONTAINS
1fCal9YIz748LKoOFWOZMA,2gzxtgud9FhO_yavLElrkn,CONTAINS
1fCal9YIz748LKoOFWOZMA,2gzxtgud9FhO_yavLElrX3,CONTAINS
1fCal9YIz748LKoOFWOZMA,2gzxtgud9FhO_yavLElrW7,CONTAINS
1fCal9YIz748LKoOFWOZMA,2gzxtgud9FhO_yavLElrbJ,CONTAINS
1fCal9YIz748LKoOFWOZMA,2gzxtgud9FhO_yavLElrdM,CONTAINS
2Jn2yQhBD7QPUfb9xLnbsG,2Jn2yQhBD7QPUfb9xLnbgE,CONTAINS
2Jn2yQhBD7QPUfb9xLnbsG,2Jn2yQhBD7QPUfb9xLnwCY,CONTAINS
2Jn2yQhBD7QPUfb9xLnbsG,2Jn2yQhBD7QPUfb9xLnbZp,CONTAINS
2Jn2yQhBD7QPUfb9xLnbsG,1ZI36thLL0M85S8rWQJZpY,CONTAINS
1Ubhd6$uPFtue4OYZWzWLx,1Ubhd6$uPFtue4OYZWzWLv,CONTAINS
1Ubhd6$uPFtue4OYZWzWLv,1Ubhd6$uPFtue4OYZWzWLw,CONTAINS
0zRkPiYnL5VO$YHvkUieSt,2Jn2yQhBD7QPUfb9xLnakf,CONTAINS
0zRkPiYnL5VO$YHvkUieSt,2Jn2yQhBD7QPUfb9xLnakk,CONTAINS
0zRkPiYnL5VO$YHvkUieSt,2Jn2yQhBD7QPUfb9xLnakZ,CONTAINS
0zRkPiYnL5VO$YHvkUieSt,2Jn2yQhBD7QPUfb9xLnakW,CONTAINS
0zRkPiYnL5VO$YHvkUieSt,2Jn2yQhBD7QPUfb9xLnakU,CONTAINS
0zRkPiYnL5VO$YHvkUieSt,1ZI36thLL0M85S8rWQJWEt,CONTAINS
0zRkPiYnL5VO$YHvkUieSt,1ZI36thLL0M85S8rWQJWCm,CONTAINS
0zRkPiYnL5VO$YHvkUieSt,2gzxtgud9FhO_yavLElur7,CONTAINS
0zRkPiYnL5VO$YHvkUieLv,1fCal9YIz748LKoOFWOZNm,CONTAINS
0zRkPiYnL5VO$YHvkUieLv,1fCal9YIz748LKoOFWOZMC,CONTAINS
0zRkPiYnL5VO$YHvkUieLv,1fCal9YIz748LKoOFWOZM9,CONTAINS
0zRkPiYnL5VO$YHvkUieLv,1fCal9YIz748LKoOFWOZMA,CONTAINS
0zRkPiYnL5VO$YHvkUieLv,1fCal9YIz748LKoOFWOZM7,CONTAINS
0zRkPiYnL5VO$YHvkUieLv,2gzxtgud9FhO_yavLElun6,CONTAINS
0zRkPiYnL5VO$YHvkUieLv,2gzxtgud9FhO_yavLElum_,CONTAINS
0zRkPiYnL5VO$YHvkUieLv,2gzxtgud9FhO_yavLElupF,CONTAINS
1Ubhd6$uPFtue4OYZWzWLw,0zRkPiYnL5VO$YHvkUieSt,CONTAINS
1Ubhd6$uPFtue4OYZWzWLw,0XIhz8Wv95Shn4RU9vYK8P,CONTAINS
1Ubhd6$uPFtue4OYZWzWLw,0zRkPiYnL5VO$YHvkUieLv,CONTAINS
1Ubhd6$uPFtue4OYZWzWLw,0zRkPiYnL5VO$YHvkUihX0,CONTAINS
1Ubhd6$uPFtue4OYZWzWLw,0XIhz8Wv95Shn4RU9vYKI5,CONTAINS
1Ubhd6$uPFtue4OYZWzWLw,0XIhz8Wv95Shn4RU9vYKuZ,CONTAINS
0zRkPiYnL5VO$YHvkUieNw,0XIhz8Wv95Shn4RU9vYPjo,HAS_OPENING
0zRkPiYnL5VO$YHvkUieHj,0XIhz8Wv95Shn4RU9vYPRs,HAS_OPENING
0zRkPiYnL5VO$YHvkUieG7,0XIhz8Wv95Shn4RU9vYPeV,HAS_OPENING
0zRkPiYnL5VO$YHvkUieJg,0XIhz8Wv95Shn4RU9vYPPP,HAS_OPENING
0zRkPiYnL5VO$YHvkUieIi,0XIhz8Wv95Shn4RU9vYPkc,HAS_OPENING
0zRkPiYnL5VO$YHvkUihjL,0XIhz8Wv95Shn4RU9vYPJ8,HAS_OPENING
0zRkPiYnL5VO$YHvkUihlJ,0XIhz8Wv95Shn4RU9vYKGP,HAS_OPENING
0zRkPiYnL5VO$YHvkUihlJ,0XIhz8Wv95Shn4RU9vYKPB,HAS_OPENING
0zRkPiYnL5VO$YHvkUihlJ,2Jn2yQhBD7QPUfb9xLnaIO,HAS_OPENING
0zRkPiYnL5VO$YHvkUihk3,0XIhz8Wv95Shn4RU9vYKOi,HAS_OPENING
0zRkPiYnL5VO$YHvkUih_U,0XIhz8Wv95Shn4RU9vYPqQ,HAS_OPENING
0zRkPiYnL5VO$YHvkUihuF,0XIhz8Wv95Shn4RU9vYP_$,HAS_OPENING
0zRkPiYnL5VO$YHvkUih7d,3Pq3fmBbX66PIwYbzY9sTf,HAS_OPENING
0zRkPiYnL5VO$YHvkUih3B,3Pq3fmBbX66PIwYbzY9sWp,HAS_OPENING
0zRkPiYnL5VO$YHvkUihRs,3Pq3fmBbX66PIwYbzY9saN,HAS_OPENING
3Pq3fmBbX66PIwYbzY9sDf,2rocqn6tvEbgRl8pYGh$j$,HAS_OPENING
2rocqn6tvEbgRl8pYGh$sN,2rocqn6tvEbgRl8pYGh$NI,HAS_OPENING
2rocqn6tvEbgRl8pYGh$an,2rocqn6tvEbgRl8pYGh$lu,HAS_OPENING
2rocqn6tvEbgRl8pYGh$an,2rocqn6tvEbgRl8pYGh$Ky,HAS_OPENING
0XIhz8Wv95Shn4RU9vYKoX,0XIhz8Wv95Shn4RU9vYPnC,HAS_OPENING
0XIhz8Wv95Shn4RU9vYKsT,0XIhz8Wv95Shn4RU9vYOlD,HAS_OPENING
0XIhz8Wv95Shn4RU9vYN0$,0XIhz8Wv95Shn4RU9vYOjx,HAS_OPENING
2Jn2yQhBD7QPUfb9xLnbzs,1ZI36thLL0M85S8rWQJZ_M,HAS_OPENING
1wwl$mubP1r9xfXt0KAebt,1wwl$mubP1r9xfXt0KAebs,HAS_OPENING
2gAQBK5fH9KuDJBtGM1bRW,2gAQBK5fH9KuDJBtGM1caj,HAS_OPENING
